battery,cycle,soh_true,split,physics,gp,hybrid,persistence,drift,physics_fit,hybrid_fit
B0005,1.0,1.0,True,,,,,,0.9998204629121502,0.9723270355246656
B0005,2.0,0.9945272071416716,True,,,,,,0.9994921924308277,0.9745268767917863
B0005,3.0,0.9886138595081709,True,,,,,,0.9990670979260036,0.9758376911868878
B0005,4.0,0.9885671763794176,True,,,,,,0.9985637032972017,0.9766743825994737
B0005,5.0,0.9882348178817774,True,,,,,,0.9979927143354277,0.9772001828206152
B0005,6.0,0.9887821697485946,True,,,,,,0.9973613544691768,0.9775000730837384
B0005,7.0,0.988504485591348,True,,,,,,0.9966749266010572,0.9776252881119503
B0005,8.0,0.983446895515155,True,,,,,,0.9959375394466221,0.9776097015245969
B0005,9.0,0.9829174345738108,True,,,,,,0.9951524986280562,0.9774771836019329
B0005,10.0,0.9828309354731993,True,,,,,,0.99432253877921,0.9772453620444588
B0005,11.0,0.9828343204622081,True,,,,,,0.9934499712801418,0.9769277299136362
B0005,12.0,0.9772228539894283,True,,,,,,0.9925367834080301,0.9765349121015559
B0005,13.0,0.9769805803238794,True,,,,,,0.9915847077108326,0.9760754687308436
B0005,14.0,0.9768127007692821,True,,,,,,0.9905952722066589,0.9755564276113738
B0005,15.0,0.970972376875165,True,,,,,,0.9895698377309696,0.9749836500951516
B0005,16.0,0.9707078432300708,True,,,,,,0.9885096263776156,0.974362090188339
B0005,17.0,0.9709624103091469,True,,,,,,0.9874157435923543,0.973695982861867
B0005,18.0,0.9712257104811379,True,,,,,,0.9862891956323511,0.9729889839891694
B0005,19.0,0.9710691300699021,True,,,,,,0.9851309035714616,0.9722442763774117
B0005,20.0,0.9949035873989022,True,,,,,,0.9839417146834242,0.9714646514944296
B0005,21.0,0.9951143705942723,True,,,,,,0.9827224118024083,0.970652573427103
B0005,22.0,0.9890599854098061,True,,,,,,0.9814737211008882,0.9698102296195557
B0005,23.0,0.9834597999985368,True,,,,,,0.9801963186131876,0.9689395716197392
B0005,24.0,0.98310046329509,True,,,,,,0.9788908357534185,0.9680423481670664
B0005,25.0,0.9833524772367375,True,,,,,,0.9775578640187819,0.9671201323336116
B0005,26.0,0.9771308478400272,True,,,,,,0.9761979590266538,0.9661743439944466
B0005,27.0,0.9775284086310276,True,,,,,,0.9748116440021043,0.965206268589824
B0005,28.0,0.9770975921350079,True,,,,,,0.9733994128084622,0.9642170729146168
B0005,29.0,0.9710626880376824,True,,,,,,0.9719617325951485,0.9632078185030328
B0005,30.0,0.9717690623092359,True,,,,,,0.9704990461227732,0.9621794730518292
B0005,31.0,0.9974764875349151,True,,,,,,0.9690117738143821,0.9611329202311565
B0005,32.0,0.986111634878274,True,,,,,,0.967500315572983,0.9600689681604607
B0005,33.0,0.980294338944722,True,,,,,,0.9659650523985159,0.9589883567716713
B0005,34.0,0.9745867078945718,True,,,,,,0.9644063478318573,0.9578917642390792
B0005,35.0,0.9720560906279805,True,,,,,,0.9628245492489458,0.9567798126217273
B0005,36.0,0.9692374130950109,True,,,,,,0.961219989024457,0.9556530728376575
B0005,37.0,0.9633478867036311,True,,,,,,0.9595929855814646,0.9545120690682835
B0005,38.0,0.9603744299218229,True,,,,,,0.9579438443410594,0.9533572826742851
B0005,39.0,0.9550475246530086,True,,,,,,0.9562728585838652,0.9521891556908226
B0005,40.0,0.9550497004162606,True,,,,,,0.9545803102336881,0.9510080939588281
B0005,41.0,0.9522672175646101,True,,,,,,0.9528664705721219,0.949814469940132
B0005,42.0,0.949273908698317,True,,,,,,0.9511316008917419,0.9486086252568009
B0005,43.0,0.9521299593373238,True,,,,,,0.9493759530945067,0.9473908729889633
B0005,44.0,0.9494642085785512,True,,,,,,0.9475997702411444,0.9461614997603575
B0005,45.0,0.943572505486961,True,,,,,,0.945803287056563,0.9449207676366294
B0005,46.0,0.938250152014693,True,,,,,,0.943986730395714,0.9436689158578875
B0005,47.0,0.9351484592444024,True,,,,,,0.9421503196737987,0.9424061624240776
B0005,48.0,0.9661385230754259,True,,,,,,0.9402942672642521,0.9411327055492341
B0005,49.0,0.9605176972012412,True,,,,,,0.9384187788675433,0.9398487249985659
B0005,50.0,0.9519936347583846,True,,,,,,0.9365240538534864,0.938554383320538
B0005,51.0,0.9464205172265515,True,,,,,,0.9346102855794604,0.9372498269845744
B0005,52.0,0.9409547290193554,True,,,,,,0.9326776616866741,0.9359351874337087
B0005,53.0,0.938178859288008,True,,,,,,0.930726364376387,0.9346105820603754
B0005,54.0,0.9353268361401418,True,,,,,,0.9287565706677954,0.933276115112573
B0005,55.0,0.9298860334657103,True,,,,,,0.9267684526391219,0.931931878536791
B0005,56.0,0.9242220117908769,True,,,,,,0.9247621776532859,0.930577952763366
B0005,57.0,0.9213816005181211,True,,,,,,0.9227379085694036,0.9292144074393061
B0005,58.0,0.9189475137389715,True,,,,,,0.920695803941239,0.927841302113073
B0005,59.0,0.9158753289666403,True,,,,,,0.9186360182036247,0.9264586868753322
B0005,60.0,0.9127882263985316,True,,,,,,0.9165587018477734,0.9250666029592558
B0005,61.0,0.9075757205607078,True,,,,,,0.9144640015863172,0.9236650833036115
B0005,62.0,0.9019582574806935,True,,,,,,0.9123520605088365,0.9222541530815221
B0005,63.0,0.9020094772578233,True,,,,,,0.9102230182285703,0.9208338301975191
B0005,64.0,0.8961635599169332,True,,,,,,0.9080770110209427,0.9194041257552426
B0005,65.0,0.8936305466681354,True,,,,,,0.905914171954481,0.9179650444979279
B0005,66.0,0.8908512057704359,True,,,,,,0.9037346310146565,0.9165165852236173
B0005,67.0,0.8848181591266645,True,,,,,,0.9015385152211308,0.91505874117685
B0005,68.0,0.8822348186450751,False,0.899325948738854,0.8879845527809146,0.913591500418446,0.8848181591266645,0.9110786346091497,0.899325948738854,0.913591500418446
B0005,69.0,0.879475412761139,False,0.8970970529834205,0.8877117564640097,0.912114846174839,0.8848181591266645,0.909678348947885,0.8970970529834205,0.912114846174839
B0005,70.0,0.8767917699307699,False,0.8948519467210624,0.888110548610158,0.9106287571682976,0.8848181591266645,0.9082780632866203,0.8948519467210624,0.9106287571682976
B0005,71.0,0.8737605584239757,False,0.8925907461636228,0.8891506715516863,0.909133207929262,0.8848181591266645,0.9068777776253556,0.8925907461636228,0.909133207929262
B0005,72.0,0.867943214862437,False,0.8903135650588301,0.8907860303563392,0.9076281690919208,0.8848181591266645,0.9054774919640908,0.8903135650588301,0.9076281690919208
B0005,73.0,0.8653778753000242,False,0.8880205147761684,0.8929575885272738,0.9061136076740537,0.8848181591266645,0.9040772063028261,0.8880205147761684,0.9061136076740537
B0005,74.0,0.8626582682073707,False,0.885711704388615,0.8955965113871891,0.9045894873421052,0.8848181591266645,0.9026769206415614,0.885711704388615,0.9045894873421052
B0005,75.0,0.8566549999565577,False,0.8833872407504998,0.8986273763778008,0.9030557686623522,0.8848181591266645,0.9012766349802966,0.8833872407504998,0.9030557686623522
B0005,76.0,0.8541878490754123,False,0.8810472285717159,0.9019712904347666,0.9015124093389855,0.8848181591266645,0.8998763493190318,0.8810472285717159,0.9015124093389855
B0005,77.0,0.8537321895986373,False,0.8786917704885038,0.9055487820106759,0.8999593644398525,0.8848181591266645,0.8984760636577671,0.8786917704885038,0.8999593644398525
B0005,78.0,0.8594329115068514,False,0.876320967131004,0.9092823663252881,0.8983965866105527,0.8848181591266645,0.8970757779965024,0.876320967131004,0.8983965866105527
B0005,79.0,0.8482309964083234,False,0.8739349171877715,0.9130987143753863,0.8968240262775394,0.8848181591266645,0.8956754923352377,0.8739349171877715,0.8968240262775394
B0005,80.0,0.8429370312695897,False,0.8715337174674189,0.9169303869008034,0.8952416318408172,0.8848181591266645,0.894275206673973,0.8715337174674189,0.8952416318408172
B0005,81.0,0.8401704907053155,False,0.8691174629575575,0.9207171221549567,0.8936493498568023,0.8848181591266645,0.8928749210127082,0.8691174629575575,0.8936493498568023
B0005,82.0,0.8400173086716406,False,0.86668624688118,0.9244066897912889,0.8920471252118616,0.8848181591266645,0.8914746353514434,0.86668624688118,0.8920471252118616
B0005,83.0,0.8374359751414077,False,0.8642401607506309,0.9279553418019136,0.890434901287017,0.8848181591266645,0.8900743496901787,0.8642401607506309,0.890434901287017
B0005,84.0,0.8343035835418969,False,0.8617792944192936,0.9313279050471523,0.8888126201142704,0.8848181591266645,0.888674064028914,0.8617792944192936,0.8888126201142704
B0005,85.0,0.8285736718133296,False,0.8593037361311163,0.9344975686872465,0.8871802225249783,0.8848181591266645,0.8872737783676493,0.8593037361311163,0.8871802225249783
B0005,86.0,0.8230135260370759,False,0.8568135725680933,0.9374454242401745,0.8855376482906632,0.8848181591266645,0.8858734927063845,0.8568135725680933,0.8855376482906632
B0005,87.0,0.8233426447360581,False,0.8543088888958074,0.9401598166897308,0.883884836256652,0.8848181591266645,0.8844732070451198,0.8543088888958074,0.883884836256652
B0005,88.0,0.8201764839394092,False,0.8517897688071346,0.9426355627913595,0.8822217244688793,0.8848181591266645,0.8830729213838551,0.8517897688071346,0.8822217244688793
B0005,89.0,0.8173963242800905,False,0.8492562945642064,0.9448730882192001,0.8805482502941949,0.8848181591266645,0.8816726357225904,0.8492562945642064,0.8805482502941949
B0005,90.0,0.864976988868027,False,0.8467085470387148,0.946877529174345,0.8788643505344829,0.8848181591266645,0.8802723500613256,0.8467085470387148,0.8788643505344829
B0005,91.0,0.8423699116610507,False,0.8441466057506485,0.9486578371606974,0.8771699615348878,0.8848181591266645,0.8788720644000608,0.8441466057506485,0.8771699615348878
B0005,92.0,0.8338820438085879,False,0.8415705489055317,0.9502259183611853,0.8754650192864261,0.8848181591266645,0.8774717787387961,0.8415705489055317,0.8754650192864261
B0005,93.0,0.8254166152720491,False,0.8389804534302451,0.9515958318373628,0.8737494595232398,0.8848181591266645,0.8760714930775314,0.8389804534302451,0.8737494595232398
B0005,94.0,0.822495649432432,False,0.8363763950074923,0.9527830639503647,0.872023217814748,0.8848181591266645,0.8746712074162667,0.8363763950074923,0.872023217814748
B0005,95.0,0.8171115433925792,False,0.8337584481089816,0.9538038901875725,0.8702862296529237,0.8848181591266645,0.8732709217550019,0.8337584481089816,0.8702862296529237
B0005,96.0,0.8143861246029739,False,0.8311266860273807,0.9546748301229941,0.8685384305349215,0.8848181591266645,0.8718706360937372,0.8311266860273807,0.8685384305349215
B0005,97.0,0.8115131183620762,False,0.8284811809071035,0.9554121966187975,0.8667797560412667,0.8848181591266645,0.8704703504324725,0.8284811809071035,0.8667797560412667
B0005,98.0,0.8088098717121407,False,0.8258220037739832,0.9560317366155466,0.8650101419098051,0.8848181591266645,0.8690700647712077,0.8258220037739832,0.8650101419098051
B0005,99.0,0.8030457886878687,False,0.8231492245638824,0.9565483579427003,0.8632295241056025,0.8848181591266645,0.867669779109943,0.8231492245638824,0.8632295241056025
B0005,100.0,0.8003654470798282,False,0.82046291215029,0.9569759344608919,0.8614378388869772,0.8848181591266645,0.8662694934486783,0.82046291215029,0.8614378388869772
B0005,101.0,0.7974272604140163,False,0.8177631343709484,0.9573271804529626,0.8596350228678339,0.8848181591266645,0.8648692077874135,0.8177631343709484,0.8596350228678339
B0005,102.0,0.7946240682056634,False,0.8150499580535567,0.9576135844259988,0.8578210130764631,0.8848181591266645,0.8634689221261488,0.8150499580535567,0.8578210130764631
B0005,103.0,0.8003844153038012,False,0.8123234490405891,0.9578453922768544,0.8559957470109658,0.8848181591266645,0.8620686364648841,0.8123234490405891,0.8559957470109658
B0005,104.0,0.8058723226653158,False,0.8095836722132681,0.9580316300099203,0.8541591626914453,0.8848181591266645,0.8606683508036194,0.8095836722132681,0.8541591626914453
B0005,105.0,0.7976356737393391,False,0.8068306915147285,0.9581801567796426,0.8523111987091105,0.8848181591266645,0.8592680651423545,0.8068306915147285,0.8523111987091105
B0005,106.0,0.7916855834115802,False,0.804064569972408,0.9582977398669903,0.8504517942724288,0.8848181591266645,0.8578677794810898,0.804064569972408,0.8504517942724288
B0005,107.0,0.7831462853887027,False,0.8012853697196964,0.9583901442013623,0.8485808892504519,0.8848181591266645,0.8564674938198251,0.8012853697196964,0.8485808892504519
B0005,108.0,0.7832782438583531,False,0.798493152016874,0.95846223012957,0.8466984242134392,0.8848181591266645,0.8550672081585604,0.798493152016874,0.8466984242134392
B0005,109.0,0.7837509350133124,False,0.7956879772713716,0.9585180542451158,0.8448043404709018,0.8848181591266645,0.8536669224972957,0.7956879772713716,0.8448043404709018
B0005,110.0,0.7805289427291895,False,0.7928699050573774,0.958560969169967,0.8428985801071708,0.8848181591266645,0.852266636836031,0.7928699050573774,0.8428985801071708
B0005,111.0,0.7749424644709051,False,0.7900389941348177,0.9585937191859842,0.8409810860146016,0.8848181591266645,0.8508663511747662,0.7900389941348177,0.8409810860146016
B0005,112.0,0.7721277376203592,False,0.7871953024677396,0.9586185295149585,0.8390518019245211,0.8848181591266645,0.8494660655135015,0.7871953024677396,0.8390518019245211
B0005,113.0,0.7721010517012337,False,0.7843388872421169,0.958637187827025,0.8371106724360073,0.8848181591266645,0.8480657798522367,0.7843388872421169,0.8371106724360073
B0005,114.0,0.7692294908297357,False,0.7814698048831022,0.9586511172091622,0.8351576430426048,0.8848181591266645,0.8466654941909719,0.7814698048831022,0.8351576430426048
B0005,115.0,0.7664583676775119,False,0.7785881110717511,0.958661440348915,0.8331926601570582,0.8848181591266645,0.8452652085297072,0.7785881110717511,0.8331926601570582
B0005,116.0,0.7635004777498815,False,0.7756938607612324,0.9586690350901969,0.8312156711341583,0.8848181591266645,0.8438649228684425,0.7756938607612324,0.8312156711341583
B0005,117.0,0.7607965521102186,False,0.7727871081925513,0.9586745818094151,0.8292266242917754,0.8848181591266645,0.8424646372071778,0.7727871081925513,0.8292266242917754
B0005,118.0,0.760887888115971,False,0.7698679069097993,0.9586786032555428,0.8272254689301664,0.8848181591266645,0.8410643515459131,0.7698679069097993,0.8272254689301664
B0005,119.0,0.7582051768100099,False,0.7669363097749525,0.9586814976128104,0.8252121553496281,0.8848181591266645,0.8396640658846484,0.7669363097749525,0.8252121553496281
B0005,120.0,0.7720989824377316,False,0.7639923689822313,0.958683565595302,0.8231866348665693,0.8848181591266645,0.8382637802233837,0.7639923689822313,0.8231866348665693
B0005,121.0,0.7747184287655715,False,0.7610361360720425,0.9586850323839724,0.8211488598280741,0.8848181591266645,0.8368634945621188,0.7610361360720425,0.8211488598280741
B0005,122.0,0.7634604477007025,False,0.7580676619445164,0.9586860651821096,0.8190987836250239,0.8848181591266645,0.8354632089008541,0.7580676619445164,0.8190987836250239
B0005,123.0,0.757872985240904,False,0.755086996872655,0.9586867871068179,0.8170363607038399,0.8848181591266645,0.8340629232395894,0.755086996872655,0.8170363607038399
B0005,124.0,0.7547607178190573,False,0.7520941905151048,0.9586872880614378,0.8149615465769078,0.8848181591266645,0.8326626375783246,0.7520941905151048,0.8149615465769078
B0005,125.0,0.752335193662182,False,0.7490892919285685,0.9586876331546769,0.8128742978317502,0.8848181591266645,0.8312623519170599,0.7490892919285685,0.8128742978317502
B0005,126.0,0.7494178378216991,False,0.746072349579869,0.9586878691523737,0.8107745721389962,0.8848181591266645,0.8298620662557952,0.746072349579869,0.8107745721389962
B0005,127.0,0.746694403771894,False,0.7430434113576769,0.9586880293713986,0.8086623282592067,0.8848181591266645,0.8284617805945305,0.7430434113576769,0.8086623282592067
B0005,128.0,0.7435744841131503,False,0.7400025245839147,0.9586881373548625,0.8065375260486088,0.8848181591266645,0.8270614949332658,0.7400025245839147,0.8065375260486088
B0005,129.0,0.7407733548873462,False,0.7369497360248476,0.9586882096050862,0.8044001264637879,0.8848181591266645,0.825661209272001,0.7369497360248476,0.8044001264637879
B0005,130.0,0.738228973232425,False,0.7338850919018742,0.9586882575963183,0.8022500915653855,0.8848181591266645,0.8242609236107362,0.7338850919018742,0.8022500915653855
B0005,131.0,0.7382266861916333,False,0.7308086379020251,0.9586882892429448,0.8000873845208534,0.8848181591266645,0.8228606379494715,0.7308086379020251,0.8000873845208534
B0005,132.0,0.7351170256067293,False,0.7277204191881803,0.9586883099604696,0.7979119696063035,0.8848181591266645,0.8214603522882068,0.7277204191881803,0.7979119696063035
B0005,133.0,0.7408571700903983,False,0.7246204804090164,0.9586883234251296,0.795723812207501,0.8848181591266645,0.8200600666269421,0.7246204804090164,0.795723812207501
B0005,134.0,0.7466312454423623,False,0.7215088657086897,0.9586883321127769,0.793522878820039,0.8848181591266645,0.8186597809656773,0.7215088657086897,0.793522878820039
B0005,135.0,0.7378719555127388,False,0.7183856187362676,0.9586883376777166,0.7913091370487352,0.8848181591266645,0.8172594953044126,0.7183856187362676,0.7913091370487352
B0005,136.0,0.7351424952422322,False,0.7152507826549139,0.9586883412166507,0.7890825556062899,0.8848181591266645,0.8158592096431478,0.7152507826549139,0.7890825556062899
B0005,137.0,0.7295077959801876,False,0.7121044001508383,0.9586883434509457,0.7868431043112418,0.8848181591266645,0.8144589239818831,0.7121044001508383,0.7868431043112418
B0005,138.0,0.7296799787853686,False,0.7089465134420149,0.958688344851393,0.7845907540852528,0.8848181591266645,0.8130586383206184,0.7089465134420149,0.7845907540852528
B0005,139.0,0.7297134934112405,False,0.7057771642866819,0.9586883457228653,0.7823254769497634,0.8848181591266645,0.8116583526593537,0.7057771642866819,0.7823254769497634
B0005,140.0,0.72681074074222,False,0.7025963939916244,0.9586883462612631,0.7800472460220413,0.8848181591266645,0.8102580669980889,0.7025963939916244,0.7800472460220413
B0005,141.0,0.724049718152504,False,0.6994042434202516,0.9586883465914943,0.7777560355106661,0.8848181591266645,0.8088577813368242,0.6994042434202516,0.7777560355106661
B0005,142.0,0.7212499067079485,False,0.6962007530004717,0.9586883467925887,0.7754518207104653,0.8848181591266645,0.8074574956755595,0.6962007530004717,0.7754518207104653
B0005,143.0,0.7212085080709222,False,0.692985962732373,0.9586883469141659,0.7731345779969465,0.8848181591266645,0.8060572100142948,0.692985962732373,0.7731345779969465
B0005,144.0,0.7185648881952924,False,0.6897599121957172,0.9586883469871411,0.7708042848202399,0.8848181591266645,0.8046569243530299,0.6897599121957172,0.7708042848202399
B0005,145.0,0.7156765060826299,False,0.686522640557249,0.9586883470306296,0.7684609196985867,0.8848181591266645,0.8032566386917652,0.686522640557249,0.7684609196985867
B0005,146.0,0.7127281792431961,False,0.6832741865778302,0.95868834705636,0.7661044622113928,0.8848181591266645,0.8018563530305005,0.6832741865778302,0.7661044622113928
B0005,147.0,0.7100339835664496,False,0.6800145886194018,0.9586883470714747,0.7637348929918752,0.8848181591266645,0.8004560673692358,0.6800145886194018,0.7637348929918752
B0005,148.0,0.7101941165230106,False,0.6767438846517795,0.9586883470802899,0.761352193719327,0.8848181591266645,0.7990557817079711,0.6767438846517795,0.761352193719327
B0005,149.0,0.7101007124097444,False,0.6734621122592899,0.9586883470853943,0.7589563471110152,0.8848181591266645,0.7976554960467064,0.6734621122592899,0.7589563471110152
B0005,150.0,0.7131060557689293,False,0.6701693086472487,0.958688347088329,0.756547336913743,0.8848181591266645,0.7962552103854416,0.6701693086472487,0.756547336913743
B0005,151.0,0.7326317762261328,False,0.6668655106482888,0.9586883470900041,0.7541251478950904,0.8848181591266645,0.7948549247241768,0.6668655106482888,0.7541251478950904
B0005,152.0,0.7215404057003534,False,0.6635507547285407,0.9586883470909533,0.7516897658343558,0.8848181591266645,0.7934546390629121,0.6635507547285407,0.7516897658343558
B0005,153.0,0.7158834698305495,False,0.660225076993671,0.9586883470914875,0.7492411775132166,0.8848181591266645,0.7920543534016473,0.660225076993671,0.7492411775132166
B0005,154.0,0.712999243979014,False,0.6568885131947813,0.958688347091786,0.7467793707061279,0.8848181591266645,0.7906540677403826,0.6568885131947813,0.7467793707061279
B0005,155.0,0.7102843154047168,False,0.6535410987341748,0.9586883470919515,0.7443043341704776,0.8848181591266645,0.7892537820791179,0.6535410987341748,0.7443043341704776
B0005,156.0,0.7075055383642603,False,0.6501828686709905,0.9586883470920426,0.7418160576365114,0.8848181591266645,0.7878534964178532,0.6501828686709905,0.7418160576365114
B0005,157.0,0.7073584494666224,False,0.6468138577267121,0.9586883470920925,0.7393145317970479,0.8848181591266645,0.7864532107565885,0.6468138577267121,0.7393145317970479
B0005,158.0,0.7044464616507273,False,0.6434341002905529,0.9586883470921196,0.7367997482969968,0.8848181591266645,0.7850529250953238,0.6434341002905529,0.7367997482969968
B0005,159.0,0.7018808229071346,False,0.6400436304247225,0.9586883470921341,0.7342716997226957,0.8848181591266645,0.783652639434059,0.6400436304247225,0.7342716997226957
B0005,160.0,0.7020555815721222,False,0.6366424818695757,0.958688347092142,0.7317303795910814,0.8848181591266645,0.7822523537727942,0.6366424818695757,0.7317303795910814
B0005,161.0,0.702083962029298,False,0.6332306880486503,0.9586883470921461,0.7291757823387031,0.8848181591266645,0.7808520681115295,0.6332306880486503,0.7291757823387031
B0005,162.0,0.6991090088170863,False,0.629808282073594,0.9586883470921483,0.7266079033106012,0.8848181591266645,0.7794517824502648,0.629808282073594,0.7266079033106012
B0005,163.0,0.6992094269724851,False,0.626375296748985,0.9586883470921495,0.7240267387490535,0.8848181591266645,0.778051496789,0.626375296748985,0.7240267387490535
B0005,164.0,0.6967263011532886,False,0.6229317645770494,0.95868834709215,0.7214322857822074,0.8848181591266645,0.7766512111277353,0.6229317645770494,0.7214322857822074
B0005,165.0,0.6937851440175624,False,0.6194777177622768,0.9586883470921503,0.7188245424126055,0.8848181591266645,0.7752509254664706,0.6194777177622768,0.7188245424126055
B0005,166.0,0.6934884167276277,False,0.6160131882159394,0.9586883470921506,0.7162035075056212,0.8848181591266645,0.7738506398052059,0.6160131882159394,0.7162035075056212
B0005,167.0,0.7051032770552522,False,0.6125382075605139,0.9586883470921506,0.7135691807778072,0.8848181591266645,0.7724503541439411,0.6125382075605139,0.7135691807778072
B0005,168.0,0.7137561578838877,False,0.6090528071340111,0.9586883470921507,0.7109215627851722,0.8848181591266645,0.7710500684826764,0.6090528071340111,0.7109215627851722
B0006,1.0,1.0,True,,,,,,0.997923547536661,0.9730289142726607
B0006,2.0,0.9949898508143076,True,,,,,,0.9955238491575388,0.9729204885330913
B0006,3.0,0.9891854698908897,True,,,,,,0.9929848316818687,0.9719359219044352
B0006,4.0,0.9891649790372313,True,,,,,,0.9903508860818087,0.9704894209778067
B0006,5.0,0.9828975529491258,True,,,,,,0.987644023222946,0.9687452179136301
B0006,6.0,0.989466850557287,True,,,,,,0.9848775967032166,0.9667891323041373
B0006,7.0,0.9890747925666498,True,,,,,,0.9820606342301992,0.9646729763135122
B0006,8.0,0.9673038197560738,True,,,,,,0.9791996734062163,0.9624309994591606
B0006,9.0,0.9669974087497759,True,,,,,,0.9762996806329102,0.9600873052708974
B0006,10.0,0.9616246466459876,True,,,,,,0.9733645644017741,0.95765965486889
B0006,11.0,0.9559098009149796,True,,,,,,0.9703974854552943,0.9551616044500943
B0006,12.0,0.9505796547137971,True,,,,,,0.967401055669683,0.9526037920875143
B0006,13.0,0.9449439554578114,True,,,,,,0.9643774716628944,0.9499947552695287
B0006,14.0,0.939347820920401,True,,,,,,0.9613286079881681,0.9473414733326432
B0006,15.0,0.9340301690486008,True,,,,,,0.958256084183803,0.9446497404579999
B0006,16.0,0.9281993331989462,True,,,,,,0.9551613142847875,0.9419244299654982
B0006,17.0,0.9228338240050139,True,,,,,,0.9520455442030626,0.9391696864302732
B0006,18.0,0.9175724579573612,True,,,,,,0.9489098804934776,0.9363890684450192
B0006,19.0,0.9175820589657847,True,,,,,,0.9457553128624915,0.9335856567662935
B0006,20.0,0.9726281070025075,True,,,,,,0.9425827320406805,0.930762137636901
B0006,21.0,0.9617814345585968,True,,,,,,0.9393929441595248,0.9279208679547346
B0006,22.0,0.956015859814876,True,,,,,,0.9361866824510944,0.9250639269332452
B0006,23.0,0.9454186473396277,True,,,,,,0.9329646168688369,0.9221931575525308
B0006,24.0,0.9560974757905957,True,,,,,,0.9297273620736499,0.9193102001855668
B0006,25.0,0.934197815121988,True,,,,,,0.9264754841198704,0.9164165201506747
B0006,26.0,0.923028308415357,True,,,,,,0.9232095060965975,0.9135134304947813
B0006,27.0,0.9179342734506017,True,,,,,,0.9199299129216507,0.9106021109921465
B0006,28.0,0.9119000283836428,True,,,,,,0.9166371554422363,0.907683624110743
B0006,29.0,0.9065816915777203,True,,,,,,0.913331653963861,0.9047589285272255
B0006,30.0,0.9124918141799352,True,,,,,,0.9100138013042484,0.9018288906437189
B0006,31.0,0.945679034974287,True,,,,,,0.9066839654499523,0.8988942944633553
B0006,32.0,0.9247761948322795,True,,,,,,0.9033424918785432,0.8959558501080938
B0006,33.0,0.9115326597829657,True,,,,,,0.8999897055976367,0.8930142012058775
B0006,34.0,0.9036588818710268,True,,,,,,0.896625912942851,0.8900699313303291
B0006,35.0,0.8934830346748316,True,,,,,,0.8932514031694668,0.8871235696418391
B0006,36.0,0.8909956824708977,True,,,,,,0.8898664498666944,0.8841755958518009
B0006,37.0,0.8829502550201761,True,,,,,,0.8864713122187104,0.8812264446101854
B0006,38.0,0.8750413873759919,True,,,,,,0.8830662361327697,0.8782765093994
B0006,39.0,0.8701323309187394,True,,,,,,0.8796514552515398,0.875326146003463
B0006,40.0,0.8649529456915791,True,,,,,,0.8762271918642146,0.8723756756102509
B0006,41.0,0.8599513842496731,True,,,,,,0.8727936577288079,0.8694253875953799
B0006,42.0,0.8546456919285944,True,,,,,,0.8693510548162471,0.8664755420287338
B0006,43.0,0.8621059538809914,True,,,,,,0.8658995759853924,0.8635263719384408
B0006,44.0,0.8676394038945261,True,,,,,,0.8624394055968547,0.8605780853619494
B0006,45.0,0.8518433254632082,True,,,,,,0.8589707200724277,0.8576308672095564
B0006,46.0,0.8417895486292435,True,,,,,,0.8554936884060572,0.854684880962173
B0006,47.0,0.8364252637451849,True,,,,,,0.852008472631511,0.8517402702220909
B0006,48.0,0.8960279954741004,True,,,,,,0.8485152282512618,0.8487971601329811
B0006,49.0,0.8883678132914206,True,,,,,,0.8450141046305435,0.8458556586832093
B0006,50.0,0.8724651391251901,True,,,,,,0.8415052453600638,0.842915857904731
B0006,51.0,0.8572243699983239,True,,,,,,0.837988788590442,0.8399778349782709
B0006,52.0,0.8495922454210777,True,,,,,,0.8344648673410914,0.8370416532541667
B0006,53.0,0.8392262113192732,True,,,,,,0.8309336097859503,0.8341073631971159
B0006,54.0,0.8340608610817466,True,,,,,,0.8273951395182051,0.831175003262081
B0006,55.0,0.8264297086813447,True,,,,,,0.8238495757959079,0.8282446007077635
B0006,56.0,0.821228301199745,True,,,,,,0.8202970337701925,0.8253161723533214
B0006,57.0,0.8159624948921792,True,,,,,,0.8167376246976099,0.8223897252833738
B0006,58.0,0.8112271017518529,True,,,,,,0.8131714561379481,0.8194652575057724
B0006,59.0,0.8058294274458678,True,,,,,,0.809598632138762,0.8165427585661464
B0006,60.0,0.8004568622012264,True,,,,,,0.8060192534077174,0.8136222101227975
B0006,61.0,0.7904583678923177,True,,,,,,0.8024334174737416,0.8107035864851515
B0006,62.0,0.7878420253146665,True,,,,,,0.7988412188378828,0.8077868551186511
B0006,63.0,0.7856049146190022,True,,,,,,0.7952427491146878,0.8048719771186822
B0006,64.0,0.780031440176547,True,,,,,,0.7916380971648376,0.8019589076558752
B0006,65.0,0.7777441842886215,True,,,,,,0.7880273492197072,0.7990475963948942
B0006,66.0,0.7699644735295674,True,,,,,,0.7844105889984623,0.7961379878886394
B0006,67.0,0.7671182514739364,True,,,,,,0.7807878978182413,0.7932300219495938
B0006,68.0,0.7621198547768461,False,0.7771593546979321,0.7734714866637193,0.790323633999902,0.7671182514739364,0.7833774901398679,0.7771593546979321,0.790323633999902
B0006,69.0,0.7569624653118686,False,0.7735250364560037,0.7753264000774184,0.7874187554016253,0.7671182514739364,0.7801430945160767,0.7735250364560037,0.7874187554016253
B0006,70.0,0.7494156650980108,False,0.7698850178028132,0.7782032601351503,0.7845153137684856,0.7671182514739364,0.7769086988922854,0.7698850178028132,0.7845153137684856
B0006,71.0,0.7517952002501654,False,0.766239371427777,0.7819935582776214,0.7816132332603073,0.7671182514739364,0.7736743032684941,0.766239371427777,0.7816132332603073
B0006,72.0,0.7490927746753416,False,0.7625881680817591,0.786572262263358,0.7787124348612607,0.7671182514739364,0.7704399076447028,0.7625881680817591,0.7787124348612607
B0006,73.0,0.7441268246400591,False,0.7589314766550009,0.7918041228058559,0.7758128366429162,0.7671182514739364,0.7672055120209116,0.7589314766550009,0.7758128366429162
B0006,74.0,0.7415927024943011,False,0.7552693642508936,0.7975495837238562,0.7729143540130493,0.7671182514739364,0.7639711163971203,0.7552693642508936,0.7729143540130493
B0006,75.0,0.7389424928579004,False,0.7516018962558672,0.8036700508332878,0.7700168999510503,0.7671182514739364,0.7607367207733291,0.7516018962558672,0.7700168999510503
B0006,76.0,0.7337948251946333,False,0.7479291364056483,0.8100323561620795,0.7671203852307291,0.7671182514739364,0.7575023251495377,0.7479291364056483,0.7671203852307291
B0006,77.0,0.7309019933714036,False,0.7442511468481245,0.8165123315213612,0.7642247186312572,0.7671182514739364,0.7542679295257465,0.7442511468481245,0.7642247186312572
B0006,78.0,0.7518593614163546,False,0.7405679882030263,0.8229974736300529,0.7613298071369111,0.7671182514739364,0.7510335339019553,0.7405679882030263,0.7613298071369111
B0006,79.0,0.7389810985080334,False,0.7368797196186293,0.8293887383920253,0.7584355561262608,0.7671182514739364,0.7477991382781639,0.7368797196186293,0.7584355561262608
B0006,80.0,0.7314557385723608,False,0.733186398825662,0.8356015429638867,0.755541869551376,0.7671182514739364,0.7445647426543727,0.733186398825662,0.755541869551376
B0006,81.0,0.7263060118809538,False,0.7294880821885871,0.841566080958674,0.7526486501075988,0.7671182514739364,0.7413303470305814,0.7294880821885871,0.7526486501075988
B0006,82.0,0.7263954583009604,False,0.7257848247544181,0.8472270698086857,0.7497557993943892,0.7671182514739364,0.7380959514067902,0.7257848247544181,0.7497557993943892
B0006,83.0,0.7238184227571323,False,0.7220766802992163,0.852543052111116,0.7468632180677108,0.7671182514739364,0.7348615557829989,0.7220766802992163,0.7468632180677108
B0006,84.0,0.7210187145326269,False,0.7183637013724071,0.8574853672856014,0.7439708059844047,0.7671182514739364,0.7316271601592077,0.7183637013724071,0.7439708059844047
B0006,85.0,0.7132130179126344,False,0.7146459393390397,0.8620368987290757,0.7410784623389566,0.7671182514739364,0.7283927645354163,0.7146459393390397,0.7410784623389566
B0006,86.0,0.7133577144710261,False,0.7109234444201122,0.8661906872844414,0.7381860857930479,0.7671182514739364,0.7251583689116251,0.7109234444201122,0.7381860857930479
B0006,87.0,0.7110115176336829,False,0.7071962657310693,0.8699484862592433,0.7352935745982524,0.7671182514739364,0.7219239732878338,0.7071962657310693,0.7352935745982524
B0006,88.0,0.7108667461161282,False,0.7034644513185764,0.8733193179495173,0.732400826712216,0.7671182514739364,0.7186895776640425,0.7034644513185764,0.732400826712216
B0006,89.0,0.708321901683239,False,0.6997280481956679,0.8763180776399877,0.7295077399086454,0.7671182514739364,0.7154551820402513,0.6997280481956679,0.7295077399086454
B0006,90.0,0.7829593804744059,False,0.6959871023753549,0.8789642189020126,0.7266142118813953,0.7671182514739364,0.71222078641646,0.6959871023753549,0.7266142118813953
B0006,91.0,0.759770882494014,False,0.6922416589027807,0.8812805438635787,0.7237201403429516,0.7671182514739364,0.7089863907926688,0.6922416589027807,0.7237201403429516
B0006,92.0,0.7442036144029749,False,0.6884917618859985,0.8832921138896551,0.7208254231175665,0.7671182514739364,0.7057519951688775,0.6884917618859985,0.7208254231175665
B0006,93.0,0.7364766488653811,False,0.6847374545254477,0.8850252895415708,0.7179299582293045,0.7671182514739364,0.7025175995450862,0.6847374545254477,0.7179299582293045
B0006,94.0,0.7286806282628964,False,0.6809787791421947,0.8865069034743897,0.7150336439852345,0.7671182514739364,0.699283203921295,0.6809787791421947,0.7150336439852345
B0006,95.0,0.7236963976177928,False,0.6772157772050044,0.8877635657819754,0.7121363790539952,0.7671182514739364,0.6960488082975036,0.6772157772050044,0.7121363790539952
B0006,96.0,0.7186819749578868,False,0.6734484893563009,0.8888210979609622,0.7092380625399488,0.7671182514739364,0.6928144126737124,0.6734484893563009,0.7092380625399488
B0006,97.0,0.7133148203630159,False,0.6696769554370761,0.8897040889568796,0.7063385940531203,0.7671182514739364,0.6895800170499211,0.6696769554370761,0.7063385940531203
B0006,98.0,0.7108732579778997,False,0.6659012145107988,0.8904355645677413,0.7034378737751247,0.7671182514739364,0.6863456214261299,0.6659012145107988,0.7034378737751247
B0006,99.0,0.7081775553094546,False,0.6621213048863709,0.89103675975933,0.7005358025212499,0.7671182514739364,0.6831112258023386,0.6621213048863709,0.7005358025212499
B0006,100.0,0.7031810109956536,False,0.6583372641401842,0.8915269821771165,0.6976322817988847,0.7671182514739364,0.6798768301785474,0.6583372641401842,0.6976322817988847
B0006,101.0,0.7006330174681323,False,0.6545491291373159,0.8919235543246867,0.6947272138624433,0.7671182514739364,0.676642434554756,0.6545491291373159,0.6947272138624433
B0006,102.0,0.6979125508434085,False,0.6507569360519069,0.8922418215196709,0.6918205017649508,0.7671182514739364,0.6734080389309648,0.6507569360519069,0.6918205017649508
B0006,103.0,0.6980171885557206,False,0.6469607203867636,0.8924952128240442,0.6889120494064374,0.7671182514739364,0.6701736433071734,0.6469607203867636,0.6889120494064374
B0006,104.0,0.7135208482113888,False,0.643160516992217,0.8926953426445106,0.6860017615792806,0.7671182514739364,0.6669392476833822,0.643160516992217,0.6860017615792806
B0006,105.0,0.703351443563366,False,0.6393563600842764,0.89285214155705,0.6830895440106357,0.7671182514739364,0.663704852059591,0.6393563600842764,0.6830895440106357
B0006,106.0,0.6952241030736465,False,0.63554828326211,0.8929740060557663,0.6801753034020794,0.7671182514739364,0.6604704564357997,0.63554828326211,0.6801753034020794
B0006,107.0,0.6926276785146194,False,0.6317363195248826,0.8930679582759904,0.677258947466593,0.7671182514739364,0.6572360608120085,0.6317363195248826,0.677258947466593
B0006,108.0,0.6902625512041874,False,0.6279205012879814,0.8931398082067025,0.6743403849630012,0.7671182514739364,0.6540016651882172,0.6279205012879814,0.6743403849630012
B0006,109.0,0.6854707065486149,False,0.6241008603986555,0.8931943124023924,0.6714195257279807,0.7671182514739364,0.6507672695644259,0.6241008603986555,0.6714195257279807
B0006,110.0,0.6851612181802287,False,0.6202774281510983,0.8932353246536053,0.6684962807057435,0.7671182514739364,0.6475328739406346,0.6202774281510983,0.6684962807057435
B0006,111.0,0.6825978766720686,False,0.6164502353009946,0.8932659354168684,0.6655705619755017,0.7671182514739364,0.6442984783168433,0.6164502353009946,0.6655705619755017
B0006,112.0,0.6799058560840853,False,0.6126193120795582,0.8932885979933861,0.6626422827768081,0.7671182514739364,0.641064082693052,0.6126193120795582,0.6626422827768081
B0006,113.0,0.674915763306282,False,0.6087846882070809,0.8933052404539623,0.6597113575328701,0.7671182514739364,0.6378296870692608,0.6087846882070809,0.6597113575328701
B0006,114.0,0.6773352957654757,False,0.6049463929060148,0.8933173631233418,0.6567777018719227,0.7671182514739364,0.6345952914454696,0.6049463929060148,0.6567777018719227
B0006,115.0,0.6749543839713218,False,0.6011044549136082,0.8933261220626645,0.6538412326467533,0.7671182514739364,0.6313608958216783,0.6011044549136082,0.6538412326467533
B0006,116.0,0.6722511609085237,False,0.5972589024941125,0.8933323994369156,0.6509018679524556,0.7671182514739364,0.6281265001978871,0.5972589024941125,0.6509018679524556
B0006,117.0,0.6698163536881292,False,0.5934097634505808,0.8933368619455615,0.6479595271424916,0.7671182514739364,0.6248921045740957,0.5934097634505808,0.6479595271424916
B0006,118.0,0.6672586503678075,False,0.5895570651362728,0.8933400086538338,0.6450141308431443,0.7671182514739364,0.6216577089503045,0.5895570651362728,0.6450141308431443
B0006,119.0,0.6648867966571198,False,0.5857008344656832,0.8933422096157612,0.6420656009664227,0.7671182514739364,0.6184233133265131,0.5857008344656832,0.6420656009664227
B0006,120.0,0.6800643686533974,False,0.5818410979252102,0.8933437366539174,0.6391138607215019,0.7671182514739364,0.6151889177027219,0.5818410979252102,0.6391138607215019
B0006,121.0,0.6903752897183545,False,0.5779778815834773,0.8933447875785628,0.6361588346247519,0.7671182514739364,0.6119545220789306,0.5779778815834773,0.6361588346247519
B0006,122.0,0.6773908312410082,False,0.5741112111013222,0.8933455050108324,0.6332004485084315,0.7671182514739364,0.6087201264551394,0.5741112111013222,0.6332004485084315
B0006,123.0,0.6722549538545536,False,0.570241111741469,0.8933459908376021,0.6302386295281004,0.7671182514739364,0.6054857308313482,0.570241111741469,0.6302386295281004
B0006,124.0,0.6668746922672389,False,0.5663676083778909,0.8933463171825912,0.6272733061688097,0.7671182514739364,0.6022513352075569,0.5663676083778909,0.6272733061688097
B0006,125.0,0.6645057163278422,False,0.5624907255048825,0.893346534638577,0.6243044082501341,0.7671182514739364,0.5990169395837656,0.5624907255048825,0.6243044082501341
B0006,126.0,0.6620080723318286,False,0.5586104872458474,0.8933466783756407,0.6213318669300902,0.7671182514739364,0.5957825439599743,0.5586104872458474,0.6213318669300902
B0006,127.0,0.656897174696045,False,0.5547269173618137,0.8933467726238986,0.618355614708001,0.7671182514739364,0.592548148336183,0.5547269173618137,0.618355614708001
B0006,128.0,0.6540611751852576,False,0.5508400392596906,0.8933468339279685,0.6153755854263536,0.7671182514739364,0.5893137527123917,0.5508400392596906,0.6153755854263536
B0006,129.0,0.6514547680110713,False,0.5469498760002721,0.8933468734847552,0.6123917142716968,0.7671182514739364,0.5860793570886005,0.5469498760002721,0.6123917142716968
B0006,130.0,0.6493167274597319,False,0.5430564503059994,0.8933468988052834,0.6094039377746288,0.7671182514739364,0.5828449614648092,0.5430564503059994,0.6094039377746288
B0006,131.0,0.6491429627717593,False,0.5391597845684912,0.8933469148839089,0.6064121938089161,0.7671182514739364,0.579610565841018,0.5391597845684912,0.6064121938089161
B0006,132.0,0.6464031008911139,False,0.5352599008558504,0.893346925012612,0.6034164215897868,0.7671182514739364,0.5763761702172268,0.5352599008558504,0.6034164215897868
B0006,133.0,0.648984510278524,False,0.5313568209197543,0.8933469313424389,0.6004165616714406,0.7671182514739364,0.5731417745934355,0.5313568209197543,0.6004165616714406
B0006,134.0,0.6620193537828117,False,0.5274505662023383,0.8933469352667842,0.5974125559438115,0.7671182514739364,0.5699073789696442,0.5274505662023383,0.5974125559438115
B0006,135.0,0.6514952669744675,False,0.5235411578428786,0.8933469376804893,0.5944043476286267,0.7671182514739364,0.5666729833458529,0.5235411578428786,0.5944043476286267
B0006,136.0,0.643686179763337,False,0.5196286166842831,0.8933469391533004,0.5913918812747915,0.7671182514739364,0.5634385877220616,0.5196286166842831,0.5913918812747915
B0006,137.0,0.6412775001365069,False,0.5157129632793956,0.8933469400448795,0.588375102753139,0.7671182514739364,0.5602041920982703,0.5157129632793956,0.588375102753139
B0006,138.0,0.6389142523000749,False,0.5117942178971219,0.893346940580339,0.5853539592505763,0.7671182514739364,0.5569697964744791,0.5117942178971219,0.5853539592505763
B0006,139.0,0.6388305024124815,False,0.5078724005283817,0.8933469408993839,0.5823283992636619,0.7671182514739364,0.5537354008506878,0.5078724005283817,0.5823283992636619
B0006,140.0,0.6335591097744969,False,0.5039475308918948,0.8933469410879825,0.5792983725916389,0.7671182514739364,0.5505010052268966,0.5039475308918948,0.5792983725916389
B0006,141.0,0.6285213141239901,False,0.5000196284398064,0.8933469411985918,0.5762638303289624,0.7671182514739364,0.5472666096031054,0.5000196284398064,0.5762638303289624
B0006,142.0,0.6284990867482796,False,0.496088712363156,0.8933469412629514,0.5732247248573408,0.7671182514739364,0.544032213979314,0.496088712363156,0.5732247248573408
B0006,143.0,0.6259584486293797,False,0.4921548015971977,0.8933469413001058,0.5701810098373248,0.7671182514739364,0.5407978183555228,0.4921548015971977,0.5701810098373248
B0006,144.0,0.6260029775555019,False,0.4882179148265752,0.8933469413213864,0.5671326401994659,0.7671182514739364,0.5375634227317314,0.4882179148265752,0.5671326401994659
B0006,145.0,0.6209112179860496,False,0.48427807049035554,0.8933469413334794,0.5640795721350732,0.7671182514739364,0.5343290271079402,0.48427807049035554,0.5640795721350732
B0006,146.0,0.618146775481072,False,0.4803352867869306,0.8933469413402976,0.5610217630865886,0.7671182514739364,0.5310946314841489,0.4803352867869306,0.5610217630865886
B0006,147.0,0.6157503647520722,False,0.4763895816787844,0.8933469413441117,0.5579591717376049,0.7671182514739364,0.5278602358603577,0.4763895816787844,0.5579591717376049
B0006,148.0,0.6157363461901961,False,0.47244097289713716,0.8933469413462287,0.5548917580025534,0.7671182514739364,0.5246258402365664,0.47244097289713716,0.5548917580025534
B0006,149.0,0.6132090821428379,False,0.4684894779464651,0.8933469413473946,0.5518194830160743,0.7671182514739364,0.5213914446127752,0.4684894779464651,0.5518194830160743
B0006,150.0,0.6158366228941904,False,0.46453511410890347,0.8933469413480315,0.5487423091220964,0.7671182514739364,0.5181570489889838,0.46453511410890347,0.5487423091220964
B0006,151.0,0.6337056235911394,False,0.46057789844853425,0.8933469413483768,0.5456601998626434,0.7671182514739364,0.5149226533651926,0.46057789844853425,0.5456601998626434
B0006,152.0,0.6208012900462411,False,0.45661784781556425,0.8933469413485626,0.5425731199663852,0.7671182514739364,0.5116882577414013,0.45661784781556425,0.5425731199663852
B0006,153.0,0.6131543858862737,False,0.4526549788503953,0.8933469413486617,0.5394810353369544,0.7671182514739364,0.50845386211761,0.4526549788503953,0.5394810353369544
B0006,154.0,0.6053640895934027,False,0.4486893079875921,0.8933469413487142,0.5363839130410424,0.7671182514739364,0.5052194664938188,0.4486893079875921,0.5363839130410424
B0006,155.0,0.6029042906907026,False,0.4447208514597478,0.8933469413487418,0.5332817212962917,0.7671182514739364,0.5019850708700275,0.4447208514597478,0.5332817212962917
B0006,156.0,0.6002639382954212,False,0.4407496253012545,0.8933469413487561,0.5301744294590056,0.7671182514739364,0.4987506752462363,0.4407496253012545,0.5301744294590056
B0006,157.0,0.5950377393250057,False,0.43677564535197866,0.8933469413487636,0.5270620080116806,0.7671182514739364,0.49551627962244493,0.43677564535197866,0.5270620080116806
B0006,158.0,0.5923420182680926,False,0.43279892726084535,0.8933469413487675,0.5239444285503878,0.7671182514739364,0.4922818839986537,0.43279892726084535,0.5239444285503878
B0006,159.0,0.5900218379391315,False,0.4288194864893343,0.8933469413487694,0.5208216637720052,0.7671182514739364,0.48904748837486245,0.4288194864893343,0.5208216637720052
B0006,160.0,0.5849596665522202,False,0.42483733831489046,0.8933469413487704,0.5176936874613245,0.7671182514739364,0.4858130927510712,0.42483733831489046,0.5176936874613245
B0006,161.0,0.5823010670462684,False,0.4208524978342516,0.8933469413487709,0.5145604744780393,0.7671182514739364,0.48257869712727985,0.4208524978342516,0.5145604744780393
B0006,162.0,0.5795946024028492,False,0.416864979966695,0.8933469413487711,0.5114220007436281,0.7671182514739364,0.4793443015034886,0.416864979966695,0.5114220007436281
B0006,163.0,0.5771009629390572,False,0.41287479945720695,0.8933469413487712,0.5082782432281453,0.7671182514739364,0.47610990587969737,0.41287479945720695,0.5082782432281453
B0006,164.0,0.5668928519254556,False,0.40888197087957556,0.8933469413487714,0.5051291799369277,0.7671182514739364,0.47287551025590613,0.40888197087957556,0.5051291799369277
B0006,165.0,0.5720922960804411,False,0.40488650863941045,0.8933469413487714,0.5019747898972324,0.7671182514739364,0.4696411146321148,0.40488650863941045,0.5019747898972324
B0006,166.0,0.5693392093343496,False,0.40088842697709237,0.8933469413487714,0.4988150531448123,0.7671182514739364,0.46640671900832353,0.40088842697709237,0.4988150531448123
B0006,167.0,0.5772874675283711,False,0.3968877399706515,0.8933469413487714,0.4956499507104396,0.7671182514739364,0.4631723233845323,0.3968877399706515,0.4956499507104396
B0006,168.0,0.582544752296905,False,0.39288446153858037,0.8933469413487714,0.4924794646063887,0.7671182514739364,0.45993792776074105,0.39288446153858037,0.49247946460638875
B0007,1.0,1.0,True,,,,,,0.9998306852755562,0.9814720610662949
B0007,2.0,0.9944923428456649,True,,,,,,0.999521105640764,0.98334694845309
B0007,3.0,0.9945059035569906,True,,,,,,0.9991202148843812,0.9844005757117211
B0007,4.0,0.9945631358622364,True,,,,,,0.9986454822044492,0.985016896816636
B0007,5.0,0.993865096914262,True,,,,,,0.9981070038327594,0.9853469489418123
B0007,6.0,0.9945258289766596,True,,,,,,0.9975115919150357,0.9854693595618281
B0007,7.0,0.9941212397661985,True,,,,,,0.9968642474207409,0.9854315318386841
B0007,8.0,0.9949533479268812,True,,,,,,0.9961688451261126,0.9852648066985275
B0007,9.0,0.9887039039563995,True,,,,,,0.9954285024400159,0.9849912706584578
B0007,10.0,0.9888951165957832,True,,,,,,0.9946457982935363,0.9846272352080738
B0007,11.0,0.9888908117331621,True,,,,,,0.9938229124629104,0.9841851868852887
B0007,12.0,0.9833952785490447,True,,,,,,0.9929617190750492,0.983674958816756
B0007,13.0,0.9830900290898825,True,,,,,,0.992063852031246,0.9831044738510795
B0007,14.0,0.9830550230165661,True,,,,,,0.9911307523483307,0.9824802370460087
B0007,15.0,0.9832421151057928,True,,,,,,0.9901637033794186,0.9818076740439791
B0007,16.0,0.9829107051087616,True,,,,,,0.9891638576355931,0.9810913707132136
B0007,17.0,0.977137065868551,True,,,,,,0.9881322576214757,0.9803352473030797
B0007,18.0,0.9775114607455649,True,,,,,,0.9870698523006298,0.979542687860806
B0007,19.0,0.9774340753850295,True,,,,,,0.9859775103034201,0.9787166382907471
B0007,20.0,0.9945682350219244,True,,,,,,0.9848560306620756,0.9778596819376707
B0007,21.0,0.9949339657767369,True,,,,,,0.9837061516382741,0.9769740987389294
B0007,22.0,0.9947347494881129,True,,,,,,0.9825285580581642,0.9760619121521055
B0007,23.0,0.9894009644991608,True,,,,,,0.9813238874644763,0.9751249268439387
B0007,24.0,0.9889729225111972,True,,,,,,0.9800927353202854,0.9741647592976985
B0007,25.0,0.9892225301434723,True,,,,,,0.9788356594445179,0.9731828629226229
B0007,26.0,0.9833744254109715,True,,,,,,0.9775531838191769,0.9721805488449144
B0007,27.0,0.9835972882674648,True,,,,,,0.9762458018782909,0.9711590032704687
B0007,28.0,0.9831379679174215,True,,,,,,0.974913979365927,0.9701193020992929
B0007,29.0,0.9773076198804469,True,,,,,,0.9735581568332626,0.9690624233167868
B0007,30.0,0.9778691507545129,True,,,,,,0.9721787518312984,0.9679892575716624
B0007,31.0,0.995989242807197,True,,,,,,0.9707761608453124,0.966900617263265
B0007,32.0,0.9850711777410832,True,,,,,,0.9693507610089004,0.9657972443947652
B0007,33.0,0.9793938772431541,True,,,,,,0.967902911628881,0.9646798173976535
B0007,34.0,0.9766786827220949,True,,,,,,0.966432955547082,0.9635489570933702
B0007,35.0,0.9713260895248981,True,,,,,,0.9649412203607816,0.9624052319268639
B0007,36.0,0.9715024626474301,True,,,,,,0.9634280195201269,0.9612491625823826
B0007,37.0,0.9685994738677313,True,,,,,,0.9618936533180301,0.9600812260723273
B0007,38.0,0.9630337032828774,True,,,,,,0.9603384097857193,0.9589018593743976
B0007,39.0,0.9605795122319079,True,,,,,,0.9587625655052007,0.957711462679679
B0007,40.0,0.9578696287593306,True,,,,,,0.9571663863482901,0.9565104023041353
B0007,41.0,0.9579881200586186,True,,,,,,0.9555501281505303,0.9552990133076333
B0007,42.0,0.9550528559986309,True,,,,,,0.9539140373271933,0.9540776018578119
B0007,43.0,0.9588334426916011,True,,,,,,0.9522583514376117,0.9528464473704696
B0007,44.0,0.9551635342031006,True,,,,,,0.9505832997032833,0.9516058044534855
B0007,45.0,0.9496464108196084,True,,,,,,0.9488891034845052,0.9503559046773961
B0007,46.0,0.9443870295876657,True,,,,,,0.9471759767197124,0.9490969581925035
B0007,47.0,0.9414477139472055,True,,,,,,0.9454441263311893,0.9478291552096645
B0007,48.0,0.9598231071565728,True,,,,,,0.9436937526003933,0.9465526673595963
B0007,49.0,0.960154576322473,True,,,,,,0.9419250495157571,0.9452676489436006
B0007,50.0,0.9519796053200331,True,,,,,,0.9401382050955085,0.9439742380869294
B0007,51.0,0.9467996336880419,True,,,,,,0.9383334016877728,0.942672557804628
B0007,52.0,0.9414562657201504,True,,,,,,0.9365108162499682,0.9413627169884577
B0007,53.0,0.9388046929870528,True,,,,,,0.9346706206093,0.9400448113224799
B0007,54.0,0.9361258690667019,True,,,,,,0.9328129817059632,0.938718924133972
B0007,55.0,0.9307416120348379,True,,,,,,0.9309380618205046,0.9373851271855934
B0007,56.0,0.9252243302854406,True,,,,,,0.9290460187866454,0.9360434814140317
B0007,57.0,0.9252256425292259,True,,,,,,0.9271370061907372,0.9346940376197856
B0007,58.0,0.922781851918098,True,,,,,,0.9252111735589155,0.9333368371122386
B0007,59.0,0.9199352919899931,True,,,,,,0.9232686665329048,0.9319719123137244
B0007,60.0,0.9140753177397375,True,,,,,,0.9213096270353492,0.930599287325908
B0007,61.0,0.9116090172599751,True,,,,,,0.9193341934254546,0.9292189784614613
B0007,62.0,0.9063624955407813,True,,,,,,0.9173425006456616,0.9278309947437104
B0007,63.0,0.9063579065888634,True,,,,,,0.9153346803600036,0.9264353383766762
B0007,64.0,0.9009016416501656,True,,,,,,0.9133108610847452,0.9250320051876884
B0007,65.0,0.9010928738414982,True,,,,,,0.9112711683118462,0.9236209850445494
B0007,66.0,0.8955710108399318,True,,,,,,0.9092157246257515,0.922202262249046
B0007,67.0,0.8924437153331117,True,,,,,,0.9071446498139619,0.9207758159084354
B0007,68.0,0.8900200379231206,False,0.9050580609718055,0.8943982932275275,0.9193416202863923,0.8924437153331117,0.9136566915792488,0.9050580609718055,0.9193416202863923
B0007,69.0,0.8872980500287017,False,0.9029560726017969,0.8941069131526024,0.9178996451347781,0.8924437153331117,0.91220917473078,0.9029560726017969,0.9178996451347781
B0007,70.0,0.884801563486559,False,0.900838796707935,0.894376796115363,0.9164498560074626,0.8924437153331117,0.9107616578823111,0.900838796707935,0.9164498560074626
B0007,71.0,0.8817507188402843,False,0.8987063428852703,0.8951876714666711,0.9149922145573461,0.8924437153331117,0.9093141410338423,0.8987063428852703,0.9149922145573461
B0007,72.0,0.8790165492082501,False,0.8965588184050387,0.8965072852037893,0.9135266788176142,0.8924437153331117,0.9078666241853734,0.8965588184050387,0.9135266788176142
B0007,73.0,0.87645609305257,False,0.8943963282956424,0.8982932906745932,0.9120532034681932,0.8924437153331117,0.9064191073369047,0.8943963282956424,0.9120532034681932
B0007,74.0,0.8738725464951953,False,0.8922189754197344,0.9004953307630137,0.9105717400882836,0.8924437153331117,0.9049715904884358,0.8922189754197344,0.9105717400882836
B0007,75.0,0.8710586517211737,False,0.8900268605476434,0.9030571999561333,0.90908223739579,0.8924437153331117,0.903524073639967,0.8900268605476434,0.90908223739579
B0007,76.0,0.8653455460107404,False,0.8878200824273603,0.905918986054496,0.9075846414744003,0.8924437153331117,0.9020765567914981,0.8878200824273603,0.9075846414744003
B0007,77.0,0.8652618625053486,False,0.8855987378512914,0.909019106376532,0.9060788959890101,0.8924437153331117,0.9006290399430293,0.8855987378512914,0.9060788959890101
B0007,78.0,0.8678338421514901,False,0.8833629217199656,0.9122961705609622,0.9045649423901458,0.8924437153331117,0.8991815230945605,0.8833629217199656,0.9045649423901458
B0007,79.0,0.8627842196339309,False,0.8811127271028738,0.915690620058965,0.9030427201079756,0.8924437153331117,0.8977340062460917,0.8811127271028738,0.9030427201079756
B0007,80.0,0.8573074826850354,False,0.8788482452966049,0.9191461119239339,0.901512166736482,0.8924437153331117,0.8962864893976228,0.8788482452966049,0.901512166736482
B0007,81.0,0.8547766370163623,False,0.8765695658804282,0.9226106306152647,0.8999732182083016,0.8924437153331117,0.894838972549154,0.8765695658804282,0.8999732182083016
B0007,82.0,0.8544573379066746,False,0.8742767767694677,0.9260373255852457,0.8984258089607322,0.8924437153331117,0.8933914557006851,0.8742767767694677,0.8984258089607322
B0007,83.0,0.8549336177737964,False,0.871969964265599,0.9293850840404978,0.8968698720933506,0.8924437153331117,0.8919439388522163,0.871969964265599,0.8968698720933506
B0007,84.0,0.851835557535501,False,0.8696492131061931,0.9326188573275086,0.8953053395176711,0.8924437153331117,0.8904964220037475,0.8696492131061931,0.8953053395176711
B0007,85.0,0.8464389595847521,False,0.867314606510823,0.9357097659450624,0.8937321420992415,0.8924437153331117,0.8890489051552787,0.867314606510823,0.8937321420992415
B0007,86.0,0.8439308910654778,False,0.8649662262260412,0.9386350124350766,0.8921502097925496,0.8924437153331117,0.8876013883068098,0.8649662262260412,0.8921502097925496
B0007,87.0,0.8440897990165642,False,0.8626041525683291,0.9413776336374058,0.8905594717690908,0.8924437153331117,0.886153871458341,0.8626041525683291,0.8905594717690908
B0007,88.0,0.8438722267771133,False,0.8602284644653134,0.9439261243475848,0.888959856538927,0.8924437153331117,0.8847063546098721,0.8602284644653134,0.888959856538927
B0007,89.0,0.8411458456358337,False,0.8578392394953388,0.9462739636308964,0.8873512920660479,0.8924437153331117,0.8832588377614033,0.8578392394953388,0.8873512920660479
B0007,90.0,0.893058917673428,False,0.855436553925479,0.9484190732445996,0.8857337058778245,0.8924437153331117,0.8818113209129345,0.855436553925479,0.8857337058778245
B0007,91.0,0.8598354640622486,False,0.8530204827480661,0.950363235090761,0.8841070251688347,0.8924437153331117,0.8803638040644657,0.8530204827480661,0.8841070251688347
B0007,92.0,0.8544149679093845,False,0.8505910997158105,0.9521114916104271,0.8824711768993192,0.8924437153331117,0.8789162872159968,0.8505910997158105,0.8824711768993192
B0007,93.0,0.8490842270191371,False,0.8481484773755807,0.9536715497379081,0.8808260878885155,0.8924437153331117,0.877468770367528,0.8481484773755807,0.8808260878885155
B0007,94.0,0.8434323556466374,False,0.8456926871009094,0.9550532056236979,0.8791716849031012,0.8924437153331117,0.8760212535190591,0.8456926871009094,0.8791716849031012
B0007,95.0,0.841018647534828,False,0.843223799123284,0.9562678039338854,0.8775078947409749,0.8924437153331117,0.8745737366705904,0.843223799123284,0.8775078947409749
B0007,96.0,0.8383436619721834,False,0.840741882562283,0.9573277422430241,0.8758346443105715,0.8924437153331117,0.8731262198221215,0.840741882562283,0.8758346443105715
B0007,97.0,0.8354997471911441,False,0.8382470054546096,0.9582460279347851,0.874151860705926,0.8924437153331117,0.8716787029736527,0.8382470054546096,0.874151860705926
B0007,98.0,0.8329851852152426,False,0.8357392347820753,0.9590358921716794,0.8724594712776627,0.8924437153331117,0.8702311861251838,0.8357392347820753,0.8724594712776627
B0007,99.0,0.8301190234003899,False,0.8332186364985812,0.9597104629389474,0.8707574037000962,0.8924437153331117,0.868783669276715,0.8332186364985812,0.8707574037000962
B0007,100.0,0.830361244595057,False,0.830685275556143,0.9602824969432188,0.8690455860346127,0.8924437153331117,0.8673361524282461,0.830685275556143,0.8690455860346127
B0007,101.0,0.8277136902689284,False,0.828139215930003,0.9607641682766874,0.8673239467894955,0.8924437153331117,0.8658886355797774,0.828139215930003,0.8673239467894955
B0007,102.0,0.8247439467235067,False,0.8255805206428689,0.9611669102534771,0.8655924149763494,0.8924437153331117,0.8644411187313085,0.8255805206428689,0.8655924149763494
B0007,103.0,0.8275720651161599,False,0.8230092517883201,0.9615013056858165,0.8638509201632689,0.8924437153331117,0.8629936018828397,0.8230092517883201,0.8638509201632689
B0007,104.0,0.8328587758683834,False,0.8204254705534151,0.961777020081147,0.8620993925248986,0.8924437153331117,0.8615460850343708,0.8204254705534151,0.8620993925248986
B0007,105.0,0.8277302117414882,False,0.817829237240537,0.9620027717839836,0.8603377628895111,0.8924437153331117,0.860098568185902,0.817829237240537,0.8603377628895111
B0007,106.0,0.8248082304608075,False,0.8152206112885092,0.9621863329253194,0.8585659627832376,0.8924437153331117,0.8586510513374331,0.8152206112885092,0.8585659627832376
B0007,107.0,0.8195953593923267,False,0.8125996512930116,0.9623345551371373,0.8567839244715718,0.8924437153331117,0.8572035344889644,0.8125996512930116,0.8567839244715718
B0007,108.0,0.8164116650277281,False,0.8099664150263277,0.9624534142945645,0.8549915809982633,0.8924437153331117,0.8557560176404955,0.8099664150263277,0.8549915809982633
B0007,109.0,0.8170153478223752,False,0.80732095945645,0.9625480690152453,0.8531888662217147,0.8924437153331117,0.8543085007920267,0.80732095945645,0.8531888662217147
B0007,110.0,0.816790746176111,False,0.8046633407655709,0.9626229282266384,0.8513757148489877,0.8924437153331117,0.8528609839435578,0.8046633407655709,0.8513757148489877
B0007,111.0,0.8113517938745419,False,0.8019936143679834,0.962681723761717,0.8495520624675249,0.8924437153331117,0.851413467095089,0.8019936143679834,0.8495520624675249
B0007,112.0,0.8084178306554588,False,0.7993118349274162,0.9627275846209898,0.8477178455746788,0.8924437153331117,0.8499659502466201,0.7993118349274162,0.8477178455746788
B0007,113.0,0.8085054171397351,False,0.7966180563738259,0.9627631102089468,0.8458730016051482,0.8924437153331117,0.8485184333981514,0.7966180563738259,0.8458730016051482
B0007,114.0,0.8085930007647584,False,0.7939123319196675,0.9627904404878268,0.8440174689564128,0.8924437153331117,0.8470709165496825,0.7939123319196675,0.8440174689564128
B0007,115.0,0.8058507616000151,False,0.7911947140756653,0.9628113215701406,0.8421511870122471,0.8924437153331117,0.8456233997012137,0.7911947140756653,0.8421511870122471
B0007,116.0,0.8030806686899294,False,0.7884652546661015,0.9628271657797294,0.8402740961643999,0.8924437153331117,0.8441758828527448,0.7884652546661015,0.8402740961643999
B0007,117.0,0.8004264241301146,False,0.7857240048436427,0.9628391056418413,0.8383861378325204,0.8924437153331117,0.842728366004276,0.7857240048436427,0.8383861378325204
B0007,118.0,0.8004035754125528,False,0.7829710151037229,0.9628480416138023,0.8364872544824045,0.8924437153331117,0.8412808491558071,0.7829710151037229,0.8364872544824045
B0007,119.0,0.8005844498202711,False,0.7802063352984976,0.9628546836418604,0.8345773896426365,0.8924437153331117,0.8398333323073384,0.7802063352984976,0.8345773896426365
B0007,120.0,0.8111673712327889,False,0.7774300146503876,0.9628595868325716,0.8326564879196948,0.8924437153331117,0.8383858154588695,0.7774300146503876,0.8326564879196948
B0007,121.0,0.8139051911027366,False,0.7746421017652263,0.962863181666781,0.8307244950115908,0.8924437153331117,0.8369382986104007,0.7746421017652263,0.8307244950115908
B0007,122.0,0.8057020955991137,False,0.7718426446450263,0.9628657992702323,0.8287813577201043,0.8924437153331117,0.8354907817619318,0.7718426446450263,0.8287813577201043
B0007,123.0,0.8003910347947992,False,0.7690316907003787,0.9628676922969067,0.8268270239616784,0.8924437153331117,0.834043264913463,0.7690316907003787,0.8268270239616784
B0007,124.0,0.797325953734772,False,0.7662092867624988,0.9628690519889401,0.8248614427770343,0.8924437153331117,0.8325957480649941,0.7662092867624988,0.8248614427770343
B0007,125.0,0.7948992586125676,False,0.7633754790949315,0.962870021959212,0.8228845643395621,0.8924437153331117,0.8311482312165254,0.7633754790949315,0.8228845643395621
B0007,126.0,0.7920574504207774,False,0.7605303134049282,0.962870709207254,0.820896339962542,0.8924437153331117,0.8297007143680565,0.7605303134049282,0.820896339962542
B0007,127.0,0.7894274199989884,False,0.7576738348545059,0.9628711928325675,0.8188967221052545,0.8924437153331117,0.8282531975195877,0.7576738348545059,0.8188967221052545
B0007,128.0,0.7891978415957107,False,0.7548060880712029,0.9628715308570914,0.8168856643780178,0.8924437153331117,0.8268056806711188,0.7548060880712029,0.8168856643780178
B0007,129.0,0.786589974356415,False,0.751927117158538,0.9628717655145392,0.8148631215462203,0.8924437153331117,0.82535816382265,0.751927117158538,0.8148631215462203
B0007,130.0,0.7839736385153969,False,0.7490369657061866,0.9628719273116337,0.8128290495333748,0.8924437153331117,0.8239106469741811,0.7490369657061866,0.8128290495333748
B0007,131.0,0.7841070476141841,False,0.7461356767998812,0.9628720381169619,0.8107834054232556,0.8924437153331117,0.8224631301257124,0.7461356767998812,0.8107834054232556
B0007,132.0,0.7810313778074761,False,0.7432232930310481,0.9628721134885095,0.8087261474611527,0.8924437153331117,0.8210156132772435,0.7432232930310481,0.8087261474611527
B0007,133.0,0.7836385905485969,False,0.7402998565061869,0.962872164411558,0.8066572350542875,0.8924437153331117,0.8195680964287747,0.7402998565061869,0.8066572350542875
B0007,134.0,0.792223791768746,False,0.7373654088560037,0.9628721985846938,0.8045766287714322,0.8924437153331117,0.8181205795803058,0.7373654088560037,0.8045766287714322
B0007,135.0,0.7837316424573085,False,0.7344199912443039,0.9628722213630316,0.8024842903417668,0.8924437153331117,0.816673062731837,0.7344199912443039,0.8024842903417668
B0007,136.0,0.7811077117652985,False,0.731463644376656,0.9628722364440009,0.8003801826530152,0.8924437153331117,0.8152255458833682,0.731463644376656,0.8003801826530152
B0007,137.0,0.7784434528297595,False,0.7284964085088304,0.9628722463616731,0.7982642697488942,0.8924437153331117,0.8137780290348994,0.7284964085088304,0.7982642697488942
B0007,138.0,0.7785337387257242,False,0.7255183234550224,0.9628722528400577,0.7961365168259072,0.8924437153331117,0.8123305121864305,0.7255183234550224,0.7961365168259072
B0007,139.0,0.775764197956411,False,0.7225294285958674,0.9628722570434832,0.7939968902295217,0.8924437153331117,0.8108829953379617,0.7225294285958674,0.7939968902295217
B0007,140.0,0.7729914466651283,False,0.7195297628862523,0.9628722597525692,0.7918453574497526,0.8924437153331117,0.8094354784894928,0.7195297628862523,0.7918453574497526
B0007,141.0,0.7703093513592872,False,0.7165193648629324,0.9628722614868847,0.789681887116195,0.8924437153331117,0.807987961641024,0.7165193648629324,0.789681887116195
B0007,142.0,0.7674853711324945,False,0.7134982726519588,0.9628722625897497,0.7875064489925199,0.8924437153331117,0.8065404447925552,0.7134982726519588,0.7875064489925199
B0007,143.0,0.7676233649357621,False,0.7104665239759211,0.9628722632863899,0.7853190139704744,0.8924437153331117,0.8050929279440864,0.7104665239759211,0.7853190139704744
B0007,144.0,0.7650852050701119,False,0.7074241561610151,0.9628722637234989,0.783119554063405,0.8924437153331117,0.8036454110956175,0.7074241561610151,0.783119554063405
B0007,145.0,0.7650539672029023,False,0.7043712061439353,0.9628722639959374,0.7809080423993343,0.8924437153331117,0.8021978942471487,0.7043712061439353,0.7809080423993343
B0007,146.0,0.7622104114507394,False,0.7013077104786034,0.9628722641646115,0.778684453213613,0.8924437153331117,0.8007503773986798,0.7013077104786034,0.778684453213613
B0007,147.0,0.7594954559011889,False,0.6982337053427333,0.9628722642683479,0.7764487618411735,0.8924437153331117,0.799302860550211,0.6982337053427333,0.7764487618411735
B0007,148.0,0.759796764422933,False,0.695149226544241,0.9628722643317232,0.7742009447084056,0.8924437153331117,0.7978553437017422,0.695149226544241,0.7742009447084056
B0007,149.0,0.7595213088960036,False,0.6920543095275016,0.9628722643701841,0.7719409793246783,0.8924437153331117,0.7964078268532734,0.6920543095275016,0.7719409793246783
B0007,150.0,0.7624630662526647,False,0.6889489893794591,0.9628722643933703,0.769668844273528,0.8924437153331117,0.7949603100048045,0.6889489893794591,0.769668844273528
B0007,151.0,0.7758676753965592,False,0.6858333008355946,0.9628722644072555,0.7673845192035342,0.8924437153331117,0.7935127931563357,0.6858333008355946,0.7673845192035342
B0007,152.0,0.7677545672975995,False,0.6827072782857542,0.9628722644155158,0.7650879848188994,0.8924437153331117,0.7920652763078668,0.6827072782857542,0.7650879848188994
B0007,153.0,0.7652553971151792,False,0.6795709557798438,0.9628722644203972,0.7627792228697563,0.8924437153331117,0.790617759459398,0.6795709557798438,0.7627792228697563
B0007,154.0,0.7624276653144857,False,0.6764243670333931,0.9628722644232629,0.7604582161422169,0.8924437153331117,0.7891702426109292,0.6764243670333931,0.7604582161422169
B0007,155.0,0.7570551863639823,False,0.673267545432992,0.9628722644249341,0.7581249484481802,0.8924437153331117,0.7877227257624604,0.673267545432992,0.7581249484481802
B0007,156.0,0.7571490373149529,False,0.6701005240416058,0.9628722644259023,0.7557794046149204,0.8924437153331117,0.7862752089139915,0.6701005240416058,0.7557794046149204
B0007,157.0,0.7542130177927987,False,0.6669233356037694,0.9628722644264596,0.7534215704744631,0.8924437153331117,0.7848276920655227,0.6669233356037694,0.7534215704744631
B0007,158.0,0.7541239109930522,False,0.6637360125506659,0.9628722644267782,0.7510514328527714,0.8924437153331117,0.7833801752170538,0.6637360125506659,0.7510514328527714
B0007,159.0,0.7515727378176299,False,0.6605385870050933,0.9628722644269592,0.7486689795587553,0.8924437153331117,0.781932658368585,0.6605385870050933,0.7486689795587553
B0007,160.0,0.7489625106252409,False,0.6573310907863207,0.9628722644270612,0.7462741993731152,0.8924437153331117,0.7804851415201162,0.6573310907863207,0.7462741993731152
B0007,161.0,0.7490951923277513,False,0.6541135554148386,0.9628722644271185,0.7438670820370346,0.8924437153331117,0.7790376246716474,0.6541135554148386,0.7438670820370346
B0007,162.0,0.7460608976183625,False,0.6508860121170057,0.9628722644271503,0.7414476182407381,0.8924437153331117,0.7775901078231785,0.6508860121170057,0.7414476182407381
B0007,163.0,0.7461427514584917,False,0.6476484918295949,0.962872264427168,0.7390157996119213,0.8924437153331117,0.7761425909747097,0.6476484918295949,0.7390157996119213
B0007,164.0,0.7435920373366995,False,0.6444010252042423,0.9628722644271777,0.7365716187040687,0.8924437153331117,0.7746950741262408,0.6444010252042423,0.7365716187040687
B0007,165.0,0.7436789830704655,False,0.6411436426117998,0.9628722644271829,0.734115068984668,0.8924437153331117,0.7732475572777721,0.6411436426117998,0.734115068984668
B0007,166.0,0.7405692816217144,False,0.6378763741465965,0.9628722644271858,0.7316461448233346,0.8924437153331117,0.7718000404293032,0.6378763741465965,0.7316461448233346
B0007,167.0,0.7518493846367692,False,0.6345992496306092,0.9628722644271873,0.7291648414798532,0.8924437153331117,0.7703525235808344,0.6345992496306092,0.7291648414798532
B0007,168.0,0.7574910940083355,False,0.6313122986175466,0.9628722644271882,0.7266711550921493,0.8924437153331117,0.7689050067323655,0.6313122986175466,0.7266711550921493
B0018,1.0,1.0,True,,,,,,0.994087003149744,0.9850852457914034
B0018,2.0,0.993633983664338,True,,,,,,0.9898978967381933,0.9817200338321359
B0018,3.0,0.9916966895859798,True,,,,,,0.9861810033311519,0.97834775281724
B0018,4.0,0.9868836350412233,True,,,,,,0.9827409868639138,0.9750198183084501
B0018,5.0,0.9879761404357094,True,,,,,,0.9794932058450783,0.9717460585175195
B0018,6.0,0.9857274546289774,True,,,,,,0.9763908327945039,0.9685275858140605
B0018,7.0,0.9817772243450524,True,,,,,,0.9734043830442811,0.9653631121898756
B0018,8.0,0.9785259228744273,True,,,,,,0.970513711183514,0.962250689674768
B0018,9.0,0.9726650430627023,True,,,,,,0.9677042498466125,0.9591882739358304
B0018,10.0,0.9828009634752516,True,,,,,,0.9649650156480866,0.9561739156812299
B0018,11.0,0.9768846014740455,True,,,,,,0.9622874569520985,0.9532058197204007
B0018,12.0,0.9728772183488542,True,,,,,,0.9596647434329592,0.9502823542449708
B0018,13.0,0.9654123910288773,True,,,,,,0.9570913051882282,0.9474020415188831
B0018,14.0,0.9614373996680884,True,,,,,,0.9545625212388713,0.9445635424291321
B0018,15.0,0.9600723839592448,True,,,,,,0.9520745017641354,0.9417656399652647
B0018,16.0,0.9548273439880093,True,,,,,,0.9496239314893768,0.9390072236312327
B0018,17.0,0.9534372449488483,True,,,,,,0.9472079543028852,0.9362872754843068
B0018,18.0,0.9453510546938519,True,,,,,,0.9448240864608438,0.9336048579358063
B0018,19.0,0.9413560571253055,True,,,,,,0.9424701501028626,0.9309591032182737
B0018,20.0,0.9367442042482638,True,,,,,,0.9401442215069866,0.9283492043408725
B0018,21.0,0.933429894181155,True,,,,,,0.9378445902434183,0.925774407337175
B0018,22.0,0.9210732212762566,True,,,,,,0.9355697265222229,0.9232340046195173
B0018,23.0,0.9226230652733615,True,,,,,,0.9333182547939177,0.9207273292743232
B0018,24.0,0.9204840841029782,True,,,,,,0.931088932186042,0.9182537501554007
B0018,25.0,0.9429832579006578,True,,,,,,0.9288806307254966,0.9158126676537297
B0018,26.0,0.9341053864408061,True,,,,,,0.926692322557368,0.9134035100414291
B0018,27.0,0.9284243318688938,True,,,,,,0.9245230675595085,0.9110257303040624
B0018,28.0,0.9228259445182906,True,,,,,,0.9223720028903457,0.9086788033893469
B0018,29.0,0.9160451179935779,True,,,,,,0.9202383341100021,0.9063622238119577
B0018,30.0,0.9132250757005568,True,,,,,,0.9181213275919005,0.9040755035637635
B0018,31.0,0.9066838862255429,True,,,,,,0.916020304000596,0.901818170286856
B0018,32.0,0.9040285579078848,True,,,,,,0.9139346326565136,0.8995897656733638
B0018,33.0,0.8978538391580942,True,,,,,,0.911863726643085,0.8973898440615649
B0018,34.0,0.8933630290434469,True,,,,,,0.9098070385389806,0.8952179712023904
B0018,35.0,0.8885283766459535,True,,,,,,0.9077640566795737,0.8930737231742509
B0018,36.0,0.8834318900203323,True,,,,,,0.9057343018687829,0.8909566854272902
B0018,37.0,0.8774365089051547,True,,,,,,0.9037173244760556,0.8888664519408811
B0018,38.0,0.8744742581978935,True,,,,,,0.9017127018642068,0.8868026244804106
B0018,39.0,0.8700823275398015,True,,,,,,0.8997200361027046,0.8847648119413185
B0018,40.0,0.9035296661852321,True,,,,,,0.8977389519282313,0.8827526297699673
B0018,41.0,0.8891086916860135,True,,,,,,0.8957690949202756,0.880765699452281
B0018,42.0,0.8799886865838726,True,,,,,,0.8938101298644008,0.8788036480622711
B0018,43.0,0.8713811496336645,True,,,,,,0.8918617392798821,0.8768661078635585
B0018,44.0,0.8684091169427205,True,,,,,,0.8899236220917712,0.874952715957857
B0018,45.0,0.8600862431802414,True,,,,,,0.8879954924302685,0.873063113975129
B0018,46.0,0.9308373218138553,True,,,,,,0.8860770785426415,0.8711969478007466
B0018,47.0,0.9253710017973061,True,,,,,,0.8841681218049288,0.8693538673355539
B0018,48.0,0.914188368861919,True,,,,,,0.8822683758223508,0.8675335262851993
B0018,49.0,0.9044605014567585,True,,,,,,0.8803776056087877,0.8657355819755199
B0018,50.0,0.895231613273491,True,,,,,,0.878495586836904,0.8639596951911244
B0018,51.0,0.8983325424846361,True,,,,,,0.8766221051515494,0.8622055300346421
B0018,52.0,0.8877787622525443,True,,,,,,0.8747569555399614,0.8604727538043769
B0018,53.0,0.8764205017595725,False,0.8728999417530706,0.8993094531007514,0.8587610368883554,0.8877787622525443,0.8667190638465407,0.8728999417530706,0.8587610368883554
B0018,54.0,0.8690856130635962,False,0.8710508757728771,0.897313273065411,0.8570700526729685,0.8877787622525443,0.8643674663460836,0.8710508757728771,0.8570700526729685
B0018,55.0,0.8656241342693628,False,0.8692095773214464,0.8952721486263984,0.8553994774646032,0.8877787622525443,0.8620158688456266,0.8692095773214464,0.8553994774646032
B0018,56.0,0.9022324722778301,False,0.8673758734075764,0.893416395889863,0.8537489904228208,0.8877787622525443,0.8596642713451695,0.8673758734075764,0.8537489904228208
B0018,57.0,0.8843293042409497,False,0.8655495979076242,0.8919474587534297,0.8521182735037951,0.8877787622525443,0.8573126738447125,0.8655495979076242,0.8521182735037951
B0018,58.0,0.8696826954654632,False,0.8637305911773666,0.8910223929734973,0.8505070114128497,0.8877787622525443,0.8549610763442554,0.8637305911773666,0.8505070114128497
B0018,59.0,0.8582709177386076,False,0.8619186996921009,0.8907441936371279,0.8489148915650588,0.8877787622525443,0.8526094788437983,0.8619186996921009,0.8489148915650588
B0018,60.0,0.855308525821416,False,0.8601137757124886,0.8911583101832897,0.8473416040529755,0.8877787622525443,0.8502578813433413,0.8601137757124886,0.8473416040529755
B0018,61.0,0.8517912659101168,False,0.8583156769739033,0.8922549612254048,0.8457868416206449,0.8877787622525443,0.8479062838428842,0.8583156769739033,0.8457868416206449
B0018,62.0,0.8432180503052695,False,0.8565242663972704,0.8939762658635874,0.8442502996431516,0.8877787622525443,0.8455546863424273,0.8565242663972704,0.8442502996431516
B0018,63.0,0.8386061892347927,False,0.8547394118195917,0.8962268093152962,0.8427316761110153,0.8877787622525443,0.8432030888419701,0.8547394118195917,0.8427316761110153
B0018,64.0,0.8302969133503281,False,0.8529609857425213,0.8988860836412637,0.8412306716188263,0.8877787622525443,0.840851491341513,0.8529609857425213,0.8412306716188263
B0018,65.0,0.8259609528835993,False,0.8511888650975242,0.9018212797695969,0.8397469893575629,0.8877787622525443,0.838499893841056,0.8511888650975242,0.8397469893575629
B0018,66.0,0.8256708936300426,False,0.8494229310262825,0.9048991174271852,0.8382803351101019,0.8877787622525443,0.836148296340599,0.8494229310262825,0.8382803351101019
B0018,67.0,0.8206231187124103,False,0.8476630686751456,0.9079957291858944,0.8368304172494636,0.8877787622525443,0.833796698840142,0.8476630686751456,0.8368304172494636
B0018,68.0,0.812141801165346,False,0.84590916700253,0.9110040008076893,0.8353969467393968,0.8877787622525443,0.8314451013396849,0.84590916700253,0.8353969467393968
B0018,69.0,0.8093899172887186,False,0.8441611185982736,0.9138381531003563,0.8339796371369332,0.8877787622525443,0.8290935038392278,0.8441611185982736,0.8339796371369332
B0018,70.0,0.8066575552659644,False,0.8424188195140423,0.9164356828376595,0.8325782045965933,0.8877787622525443,0.8267419063387706,0.8424188195140423,0.8325782045965933
B0018,71.0,0.826642837170715,False,0.8406821691039617,0.9187570305739967,0.831192367875935,0.8877787622525443,0.8243903088383137,0.8406821691039617,0.831192367875935
B0018,72.0,0.8214779265683784,False,0.8389510698747253,0.9207834976311251,0.829821848342198,0.8877787622525443,0.8220387113378567,0.8389510698747253,0.829821848342198
B0018,73.0,0.8092660058779417,False,0.8372254273444901,0.922513995262066,0.8284663699797914,0.8877787622525443,0.8196871138373996,0.8372254273444901,0.8284663699797914
B0018,74.0,0.8045358675534857,False,0.8355051499099315,0.9239611901562129,0.8271256593984211,0.8877787622525443,0.8173355163369425,0.8355051499099315,0.8271256593984211
B0018,75.0,0.799633550923934,False,0.8337901487208831,0.9251475334153062,0.8257994458416634,0.8877787622525443,0.8149839188364854,0.8337901487208831,0.8257994458416634
B0018,76.0,0.7982393911352555,False,0.8320803375620317,0.9261015487131579,0.8244874611958118,0.8877787622525443,0.8126323213360284,0.8320803375620317,0.8244874611958118
B0018,77.0,0.7943418813674149,False,0.8303756327411845,0.9268546318153166,0.8231894399988497,0.8877787622525443,0.8102807238355714,0.8303756327411845,0.8231894399988497
B0018,78.0,0.7913831307756389,False,0.8286759529836618,0.9274384959583923,0.8219051194494096,0.8877787622525443,0.8079291263351143,0.8286759529836618,0.8219051194494096
B0018,79.0,0.786031699313642,False,0.8269812193324056,0.9278832981030274,0.8206342394155999,0.8877787622525443,0.8055775288346572,0.8269812193324056,0.8206342394155999
B0018,80.0,0.7805189058362434,False,0.8252913550534272,0.9282164063120464,0.819376542443595,0.8877787622525443,0.8032259313342001,0.8252913550534272,0.819376542443595
B0018,81.0,0.7831683758563823,False,0.8236062855462429,0.9284617199565268,0.8181317737658904,0.8877787622525443,0.8008743338337431,0.8236062855462429,0.8181317737658904
B0018,82.0,0.7776453481817188,False,0.8219259382589804,0.9286394298468129,0.8168996813091429,0.8877787622525443,0.798522736333286,0.8219259382589804,0.8168996813091429
B0018,83.0,0.7758855957432074,False,0.8202502426078534,0.9287661001411128,0.8156800157015273,0.8877787622525443,0.796171138832829,0.8202502426078534,0.8156800157015273
B0018,84.0,0.7701585371768062,False,0.8185791299007347,0.9288549624487267,0.8144725302795375,0.8877787622525443,0.7938195413323719,0.8185791299007347,0.8144725302795375
B0018,85.0,0.7681397317526905,False,0.8169125332645695,0.9289163294517041,0.8132769810941902,0.8877787622525443,0.7914679438319148,0.8169125332645695,0.8132769810941902
B0018,86.0,0.7923492994106556,False,0.8152503875763941,0.9289580559386218,0.8120931269165734,0.8877787622525443,0.7891163463314578,0.8152503875763941,0.8120931269165734
B0018,87.0,0.7830611455790711,False,0.8135926293977422,0.9289859958403329,0.8109207292427107,0.8877787622525443,0.7867647488310007,0.8135926293977422,0.8109207292427107
B0018,88.0,0.7778062979024362,False,0.8119391969122336,0.9290044223570686,0.8097595522977004,0.8877787622525443,0.7844131513305437,0.8119391969122336,0.8097595522977004
B0018,89.0,0.770012171290454,False,0.8102900298661578,0.9290163933356419,0.8086093630391098,0.8877787622525443,0.7820615538300866,0.8102900298661578,0.8086093630391098
B0018,90.0,0.7630465417051595,False,0.8086450695118765,0.9290240553178198,0.8074699311595965,0.8877787622525443,0.7797099563296295,0.8086450695118765,0.8074699311595965
B0018,91.0,0.7841364556121901,False,0.8070042585538815,0.9290288873490139,0.8063410290887479,0.8877787622525443,0.7773583588291725,0.8070042585538815,0.8063410290887479
B0018,92.0,0.7699808484662279,False,0.8053675410973548,0.9290318902638734,0.8052224319941175,0.8877787622525443,0.7750067613287154,0.8053675410973548,0.8052224319941175
B0018,93.0,0.7653365112635747,False,0.8037348625990908,0.9290337294455989,0.8041139177814596,0.8877787622525443,0.7726551638282584,0.8037348625990908,0.8041139177814596
B0018,94.0,0.7631036189749955,False,0.8021061698206458,0.9290348396800644,0.8030152670941482,0.8877787622525443,0.7703035663278013,0.8021061698206458,0.8030152670941482
B0018,95.0,0.7577771480684934,False,0.8004814107835926,0.929035500297667,0.8019262633117874,0.8877787622525443,0.7679519688273442,0.8004814107835926,0.8019262633117874
B0018,96.0,0.759268288206635,False,0.7988605347267638,0.9290358877917168,0.8008466925480071,0.8877787622525443,0.7656003713268872,0.7988605347267638,0.8008466925480071
B0018,97.0,0.7530196086484692,False,0.7972434920653757,0.9290361118654288,0.7997763436474534,0.8877787622525443,0.7632487738264301,0.7972434920653757,0.7997763436474534
B0018,98.0,0.751247245774781,False,0.7956302343519318,0.9290362396142611,0.7987150081819765,0.8877787622525443,0.7608971763259731,0.7956302343519318,0.7987150081819765
B0018,99.0,0.7489816944965945,False,0.7940207142388112,0.9290363114251335,0.7976624804460277,0.8877787622525443,0.758545578825516,0.7940207142388112,0.7976624804460277
B0018,100.0,0.7431599902402236,False,0.792414885442452,0.9290363512281375,0.7966185574512719,0.8877787622525443,0.7561939813250589,0.792414885442452,0.7966185574512719
B0018,101.0,0.7465755983684312,False,0.7908127027090484,0.9290363729830469,0.7955830389204315,0.8877787622525443,0.7538423838246019,0.7908127027090484,0.7955830389204315
B0018,102.0,0.7387179740348331,False,0.7892141217816805,0.9290363847086794,0.7945557272803714,0.8877787622525443,0.7514907863241448,0.7892141217816805,0.7945557272803714
B0018,103.0,0.7403466800917733,False,0.7876190993688063,0.9290363909413358,0.7935364276544423,0.8877787622525443,0.7491391888236878,0.7876190993688063,0.7935364276544423
B0018,104.0,0.7374368704864981,False,0.7860275931140448,0.9290363942086204,0.7925249478540968,0.8877787622525443,0.7467875913232307,0.7860275931140448,0.7925249478540968
B0018,105.0,0.7313804864100185,False,0.7844395615671863,0.9290363958978759,0.7915210983697945,0.8877787622525443,0.7444359938227736,0.7844395615671863,0.7915210983697945
B0018,106.0,0.7872924322020762,False,0.7828549641563687,0.929036396759296,0.7905246923612148,0.8877787622525443,0.7420843963223166,0.7828549641563687,0.7905246923612148
B0018,107.0,0.7817231049614924,False,0.781273761161362,0.9290363971925686,0.7895355456467947,0.8877787622525443,0.7397327988218595,0.781273761161362,0.7895355456467947
B0018,108.0,0.7752761106852413,False,0.7796959136879079,0.9290363974075243,0.7885534766926097,0.8877787622525443,0.7373812013214025,0.7796959136879079,0.7885534766926097
B0018,109.0,0.7700079337204485,False,0.7781213836430615,0.9290363975127185,0.787578306600619,0.8877787622525443,0.7350296038209454,0.7781213836430615,0.787578306600619
B0018,110.0,0.7626867945054364,False,0.7765501337114901,0.9290363975634995,0.7866098590962922,0.8877787622525443,0.7326780063204883,0.7765501337114901,0.7866098590962922
B0018,111.0,0.7622025431993111,False,0.7749821273326805,0.9290363975876815,0.785647960515641,0.8877787622525443,0.7303264088200313,0.7749821273326805,0.785647960515641
B0018,112.0,0.7541400306782735,False,0.7734173286790145,0.9290363975990414,0.7846924397916684,0.8877787622525443,0.7279748113195742,0.7734173286790145,0.7846924397916684
B0018,113.0,0.7521988452127043,False,0.7718557026346704,0.929036397604306,0.783743128440267,0.8877787622525443,0.7256232138191172,0.7718557026346704,0.783743128440267
B0018,114.0,0.7493491870022229,False,0.7702972147753133,0.9290363976067129,0.7827998605455764,0.8877787622525443,0.7232716163186601,0.7702972147753133,0.7827998605455764
B0018,115.0,0.747182624023947,False,0.7687418313485384,0.9290363976077984,0.7818624727448258,0.8877787622525443,0.720920018818203,0.7687418313485384,0.7818624727448258
B0018,116.0,0.7483621978461461,False,0.7671895192550311,0.9290363976082815,0.7809308042126799,0.8877787622525443,0.718568421317746,0.7671895192550311,0.7809308042126799
B0018,117.0,0.7418756347033405,False,0.7656402460304147,0.9290363976084935,0.7800046966451097,0.8877787622525443,0.7162168238172889,0.7656402460304147,0.7800046966451097
B0018,118.0,0.7356946436346267,False,0.7640939798277523,0.9290363976085855,0.7790839942428069,0.8877787622525443,0.7138652263168319,0.7640939798277523,0.7790839942428069
B0018,119.0,0.7326049390746541,False,0.7625506894006752,0.9290363976086247,0.7781685436941641,0.8877787622525443,0.7115136288163748,0.7625506894006752,0.7781685436941641
B0018,120.0,0.7257291620112973,False,0.7610103440871102,0.9290363976086412,0.777258194157836,0.8877787622525443,0.7091620313159177,0.7610103440871102,0.777258194157836
B0018,121.0,0.7691856089045949,False,0.7594729137935797,0.9290363976086481,0.7763527972449077,0.8877787622525443,0.7068104338154606,0.7594729137935797,0.7763527972449077
B0018,122.0,0.7581912240991064,False,0.7579383689800497,0.929036397608651,0.775452207000684,0.8877787622525443,0.7044588363150036,0.7579383689800497,0.775452207000684
B0018,123.0,0.7512061203027418,False,0.7564066806453025,0.9290363976086521,0.7745562798861212,0.8877787622525443,0.7021072388145466,0.7564066806453025,0.7745562798861212
B0018,124.0,0.7483805757157408,False,0.754877820312811,0.9290363976086525,0.7736648747589203,0.8877787622525443,0.6997556413140895,0.754877820312811,0.7736648747589203
B0018,125.0,0.7386439323920165,False,0.7533517600170957,0.9290363976086528,0.7727778528542969,0.8877787622525443,0.6974040438136324,0.7533517600170957,0.7727778528542969
B0018,126.0,0.7437691666500521,False,0.7518284722905406,0.9290363976086529,0.7718950777654514,0.8877787622525443,0.6950524463131753,0.7518284722905406,0.7718950777654514
B0018,127.0,0.7378195670433692,False,0.750307930150653,0.9290363976086529,0.7710164154237513,0.8877787622525443,0.6927008488127183,0.750307930150653,0.7710164154237513
B0018,128.0,0.7346274160714679,False,0.7487901070877456,0.9290363976086529,0.7701417340786478,0.8877787622525443,0.6903492513122613,0.7487901070877456,0.7701417340786478
B0018,129.0,0.7349874882306874,False,0.747274977053026,0.9290363976086529,0.7692709042773409,0.8877787622525443,0.6879976538118042,0.747274977053026,0.7692709042773409
B0018,130.0,0.7287662042753458,False,0.7457625144470756,0.9290363976086529,0.7684037988442091,0.8877787622525443,0.6856460563113471,0.7457625144470756,0.7684037988442091
B0018,131.0,0.7303469925709389,False,0.7442526941087032,0.9290363976086529,0.767540292860023,0.8877787622525443,0.68329445881089,0.7442526941087032,0.767540292860023
B0018,132.0,0.7229370201580873,False,0.7427454913041572,0.9290363976086529,0.766680263640954,0.8877787622525443,0.680942861310433,0.7427454913041572,0.766680263640954
